{"player_vel": -1.5551978612923136, "hor_dist_to_next_pipe": -5396.155476245397, "ver_dist_to_next_pipe": -9654.12892879977, "action": -98.30959893529626, "bias": -24195.188493557784}